Incident_ID,Timestamp,Source_IP,Destination_IP,Attack_Type,Severity,Protocol,Port,Country,Traffic_Volume_MB,Is_Malicious
INC-2024-1000,2025-12-03 03:13:02,91.166.118.146,10.0.10.82,SQL Injection,Medium,SSH,21,Canada,258.66,0
INC-2024-1001,2025-12-30 09:13:02,45.203.185.124,10.0.8.118,Phishing,Low,FTP,21,Brazil,39.56,1
INC-2024-1002,2025-12-13 20:13:02,111.208.186.235,10.0.10.148,SQL Injection,High,TCP,80,India,452.27,1
INC-2024-1003,2025-12-20 16:13:02,214.128.132.106,10.0.8.136,Malware,High,TCP,22,Germany,223.04,1
INC-2024-1004,2025-12-25 09:13:02,192.173.97.171,10.0.10.102,DDoS,High,HTTPS,443,Brazil,304.07,1
INC-2024-1005,2025-12-25 11:13:02,154.177.233.156,10.0.7.98,SQL Injection,Medium,UDP,3306,India,67.29,1
INC-2024-1006,2025-12-06 08:13:02,195.78.148.97,10.0.5.23,DDoS,Medium,HTTPS,22,Russia,421.67,1
INC-2024-1007,2025-12-12 01:13:02,115.145.170.172,10.0.10.100,Man-in-the-Middle,Low,TCP,3306,USA,430.02,0
INC-2024-1008,2025-12-06 15:13:02,22.245.146.162,10.0.10.90,Man-in-the-Middle,Low,SSH,22,Brazil,468.85,1
INC-2024-1009,2025-12-06 19:13:02,191.142.141.174,10.0.7.196,SQL Injection,Critical,TCP,53,UK,218.88,1
INC-2024-1010,2025-12-02 20:13:02,164.21.112.10,10.0.5.12,Malware,Critical,UDP,80,UK,340.53,1
INC-2024-1011,2025-12-23 08:13:02,248.28.192.215,10.0.5.109,Phishing,High,FTP,53,Brazil,211.31,1
INC-2024-1012,2025-12-19 14:13:02,243.14.5.205,10.0.7.178,DDoS,Low,UDP,53,India,265.47,1
INC-2024-1013,2025-12-05 10:13:02,98.228.196.70,10.0.5.150,SQL Injection,Critical,UDP,80,USA,47.11,1
INC-2024-1014,2025-12-15 15:13:02,69.113.68.252,10.0.6.181,Malware,Low,HTTP,3306,USA,248.08,1
INC-2024-1015,2025-12-25 22:13:02,218.70.148.124,10.0.2.221,Malware,Medium,HTTP,443,UK,67.19,1
INC-2024-1016,2025-12-24 07:13:02,4.3.149.8,10.0.1.165,Malware,High,HTTPS,3306,Canada,116.82,1
INC-2024-1017,2025-12-18 20:13:02,106.204.51.158,10.0.2.178,Man-in-the-Middle,Critical,UDP,3306,Russia,245.66,1
INC-2024-1018,2025-12-18 23:13:02,172.49.166.23,10.0.1.115,Malware,Medium,UDP,53,India,191.55,1
INC-2024-1019,2025-12-10 00:13:02,136.64.9.169,10.0.7.133,DDoS,Low,HTTPS,3306,China,252.8,1
INC-2024-1020,2025-11-29 17:13:02,49.249.57.162,10.0.9.66,DDoS,High,HTTPS,53,China,109.86,1
INC-2024-1021,2025-12-29 21:13:02,127.32.148.154,10.0.3.21,Malware,Critical,HTTP,22,Germany,495.74,1
INC-2024-1022,2025-12-19 22:13:02,156.207.126.127,10.0.1.28,Man-in-the-Middle,High,UDP,22,China,65.4,1
INC-2024-1023,2025-12-06 07:13:02,14.97.184.77,10.0.4.42,Brute Force,Critical,HTTPS,21,Brazil,351.55,1
INC-2024-1024,2025-12-20 14:13:02,65.47.10.64,10.0.4.181,DDoS,Low,TCP,443,India,313.01,1
INC-2024-1025,2025-12-09 05:13:02,130.45.13.68,10.0.2.181,Malware,Low,HTTP,80,China,369.84,1
INC-2024-1026,2025-12-18 18:13:02,70.242.155.40,10.0.6.199,SQL Injection,Medium,UDP,53,India,323.4,1
INC-2024-1027,2025-12-02 15:13:02,36.48.60.226,10.0.10.77,DDoS,Low,HTTPS,80,Germany,364.0,1
INC-2024-1028,2025-12-13 23:13:02,47.244.249.220,10.0.1.226,Phishing,Low,HTTPS,53,Canada,191.86,1
INC-2024-1029,2025-12-08 10:13:02,33.185.202.197,10.0.5.28,Brute Force,Low,SSH,3306,India,237.06,1
INC-2024-1030,2025-12-01 18:13:02,101.156.85.20,10.0.10.245,DDoS,Medium,UDP,443,Russia,173.78,1
INC-2024-1031,2025-12-03 21:13:02,236.36.153.162,10.0.3.15,Malware,Medium,UDP,443,Canada,478.36,0
INC-2024-1032,2025-12-02 23:13:02,168.96.122.156,10.0.6.137,Brute Force,Medium,FTP,22,Canada,465.21,0
INC-2024-1033,2025-12-07 04:13:02,87.170.122.42,10.0.7.138,Brute Force,High,HTTPS,80,Germany,359.18,1
INC-2024-1034,2025-12-10 03:13:02,183.75.46.225,10.0.8.89,Malware,Low,UDP,22,China,346.78,0
INC-2024-1035,2025-12-24 06:13:02,219.235.77.217,10.0.1.70,Brute Force,Critical,HTTPS,3306,UK,142.41,1
INC-2024-1036,2025-12-29 22:13:02,168.114.103.219,10.0.3.160,Malware,High,SSH,3306,China,140.65,1
INC-2024-1037,2025-12-22 03:13:02,183.74.18.28,10.0.2.243,SQL Injection,Critical,HTTP,53,Russia,175.65,1
INC-2024-1038,2025-12-08 10:13:02,18.166.229.178,10.0.7.217,Brute Force,Low,HTTP,22,India,277.55,1
INC-2024-1039,2025-12-26 07:13:02,222.146.101.153,10.0.7.113,Man-in-the-Middle,Medium,TCP,21,China,424.09,0
INC-2024-1040,2025-12-29 10:13:02,195.109.164.1,10.0.8.171,Brute Force,Medium,FTP,21,India,264.33,1
INC-2024-1041,2025-12-21 18:13:02,243.236.118.152,10.0.5.191,SQL Injection,Medium,SSH,21,UK,213.13,1
INC-2024-1042,2025-12-14 11:13:02,194.230.173.166,10.0.9.20,Phishing,High,TCP,80,India,198.1,0
INC-2024-1043,2025-12-03 21:13:02,126.233.44.189,10.0.6.111,SQL Injection,Low,HTTPS,53,India,37.38,1
INC-2024-1044,2025-11-30 06:13:02,50.191.111.139,10.0.2.160,Phishing,Medium,HTTP,53,Canada,297.87,1
INC-2024-1045,2025-12-08 05:13:02,98.47.237.107,10.0.4.218,Phishing,Low,HTTPS,80,China,213.96,1
INC-2024-1046,2025-11-29 19:13:02,132.241.238.65,10.0.5.161,SQL Injection,Low,UDP,3306,UK,127.66,1
INC-2024-1047,2025-12-08 16:13:02,148.193.24.72,10.0.5.115,Man-in-the-Middle,High,FTP,22,India,459.38,1
INC-2024-1048,2025-12-02 22:13:02,135.98.176.56,10.0.7.183,SQL Injection,Low,FTP,21,Brazil,414.34,1
INC-2024-1049,2025-12-21 01:13:02,20.39.157.124,10.0.6.72,Brute Force,High,SSH,80,Canada,129.47,1
INC-2024-1050,2025-12-28 22:13:02,113.17.163.116,10.0.2.186,SQL Injection,Critical,UDP,443,Germany,90.75,1
INC-2024-1051,2025-12-27 01:13:02,99.248.49.108,10.0.7.173,Malware,Critical,UDP,80,UK,60.05,1
INC-2024-1052,2025-12-07 02:13:02,133.197.175.192,10.0.5.160,Brute Force,High,UDP,21,India,347.46,1
INC-2024-1053,2025-12-03 08:13:02,164.232.56.126,10.0.2.158,Malware,Medium,TCP,80,Canada,473.51,1
INC-2024-1054,2025-12-24 08:13:02,218.197.34.123,10.0.5.105,Malware,High,UDP,53,Russia,237.03,1
INC-2024-1055,2025-12-19 14:13:02,128.14.228.90,10.0.10.177,Phishing,Low,TCP,443,USA,446.25,1
INC-2024-1056,2025-12-01 19:13:02,222.107.102.115,10.0.9.129,Man-in-the-Middle,Medium,HTTPS,443,UK,41.15,1
INC-2024-1057,2025-12-27 19:13:02,246.173.233.10,10.0.10.159,Phishing,Medium,FTP,3306,China,280.83,1
INC-2024-1058,2025-12-13 02:13:02,53.55.113.192,10.0.6.46,DDoS,Medium,UDP,443,Russia,29.76,1
INC-2024-1059,2025-12-16 08:13:02,2.169.141.182,10.0.4.105,Malware,Low,UDP,443,Russia,369.87,1
INC-2024-1060,2025-12-10 15:13:02,253.44.75.46,10.0.1.111,DDoS,Medium,SSH,21,Brazil,17.63,1
INC-2024-1061,2025-12-03 15:13:02,93.171.1.152,10.0.5.209,DDoS,High,UDP,22,Russia,207.68,1
INC-2024-1062,2025-12-15 12:13:02,93.71.186.227,10.0.7.195,Malware,Critical,FTP,21,Russia,405.77,1
INC-2024-1063,2025-12-01 04:13:02,122.141.144.242,10.0.8.93,DDoS,High,HTTP,3306,China,199.11,1
INC-2024-1064,2025-12-19 22:13:02,230.50.250.85,10.0.5.102,Man-in-the-Middle,Low,HTTP,53,UK,235.11,1
INC-2024-1065,2025-12-06 09:13:02,113.181.181.231,10.0.8.188,DDoS,High,HTTPS,53,Russia,25.9,1
INC-2024-1066,2025-12-27 03:13:02,183.116.187.34,10.0.2.177,DDoS,Medium,HTTP,3306,China,179.95,1
INC-2024-1067,2025-12-27 10:13:02,171.227.28.22,10.0.4.160,Brute Force,High,SSH,53,Brazil,496.61,1
INC-2024-1068,2025-12-27 18:13:02,11.127.115.126,10.0.10.161,Phishing,Medium,FTP,80,Canada,448.86,1
INC-2024-1069,2025-12-08 07:13:02,61.211.40.74,10.0.4.1,Brute Force,Low,FTP,53,USA,491.98,1
INC-2024-1070,2025-12-12 18:13:02,106.61.239.253,10.0.8.32,SQL Injection,Low,TCP,53,UK,255.62,1
INC-2024-1071,2025-12-19 14:13:02,201.244.26.139,10.0.9.232,Man-in-the-Middle,Low,HTTP,80,Russia,65.54,1
INC-2024-1072,2025-12-09 15:13:02,78.48.39.135,10.0.9.173,Man-in-the-Middle,Medium,HTTPS,53,India,146.34,1
INC-2024-1073,2025-12-14 01:13:02,144.121.137.54,10.0.2.221,Phishing,Medium,SSH,22,India,239.68,1
INC-2024-1074,2025-12-17 21:13:02,136.56.93.244,10.0.4.213,SQL Injection,Medium,SSH,21,Germany,29.0,1
INC-2024-1075,2025-12-13 08:13:02,156.129.253.175,10.0.10.111,SQL Injection,Medium,SSH,80,Germany,364.16,1
INC-2024-1076,2025-12-23 09:13:02,229.95.186.185,10.0.4.150,Man-in-the-Middle,Low,TCP,22,USA,92.76,1
INC-2024-1077,2025-12-18 19:13:02,80.141.239.227,10.0.7.195,Brute Force,Low,SSH,53,UK,283.64,1
INC-2024-1078,2025-12-18 15:13:02,4.226.30.201,10.0.10.214,Phishing,Low,SSH,80,Germany,358.79,1
INC-2024-1079,2025-12-14 19:13:02,149.102.43.85,10.0.1.9,Malware,Medium,FTP,22,China,87.16,1
INC-2024-1080,2025-12-15 17:13:02,144.149.248.161,10.0.1.224,SQL Injection,High,SSH,443,India,434.37,1
INC-2024-1081,2025-12-15 15:13:02,71.173.139.93,10.0.4.127,Phishing,Critical,HTTPS,22,UK,154.95,1
INC-2024-1082,2025-12-11 23:13:02,123.125.214.128,10.0.2.107,Brute Force,High,FTP,21,Russia,67.34,0
INC-2024-1083,2025-12-18 17:13:02,131.60.161.152,10.0.7.38,Phishing,Critical,SSH,21,Germany,499.71,1
INC-2024-1084,2025-12-25 15:13:02,73.94.125.202,10.0.2.230,Phishing,Critical,UDP,53,Germany,388.85,0
INC-2024-1085,2025-12-09 18:13:02,212.11.6.155,10.0.4.247,Man-in-the-Middle,Low,HTTP,21,China,425.06,1
INC-2024-1086,2025-12-26 00:13:02,195.95.243.169,10.0.3.219,DDoS,Medium,UDP,80,China,376.01,0
INC-2024-1087,2025-12-05 02:13:02,70.0.116.185,10.0.4.85,Phishing,Critical,HTTPS,21,UK,166.84,1
INC-2024-1088,2025-12-04 09:13:02,185.194.165.187,10.0.5.243,SQL Injection,High,SSH,21,USA,33.54,0
INC-2024-1089,2025-12-18 05:13:02,60.124.152.12,10.0.5.157,SQL Injection,Low,UDP,80,USA,297.13,1
INC-2024-1090,2025-12-13 06:13:02,28.79.61.114,10.0.5.157,Man-in-the-Middle,Critical,UDP,80,Germany,259.98,1
INC-2024-1091,2025-12-17 12:13:02,177.175.209.76,10.0.3.241,SQL Injection,Medium,SSH,22,China,204.57,1
INC-2024-1092,2025-12-23 20:13:02,94.248.129.236,10.0.3.88,SQL Injection,Critical,FTP,22,Russia,29.0,1
INC-2024-1093,2025-12-30 13:13:02,130.104.17.101,10.0.4.176,DDoS,Critical,HTTPS,443,UK,307.34,1
INC-2024-1094,2025-12-03 09:13:02,98.83.220.76,10.0.5.108,Malware,High,FTP,3306,Germany,30.34,1
INC-2024-1095,2025-12-19 16:13:02,244.169.241.199,10.0.1.40,Malware,High,HTTP,3306,Germany,12.38,1
INC-2024-1096,2025-12-22 21:13:02,109.253.253.205,10.0.5.189,Brute Force,Low,FTP,80,Russia,57.42,1
INC-2024-1097,2025-12-06 17:13:02,106.43.63.74,10.0.3.11,Man-in-the-Middle,Low,FTP,3306,Russia,126.98,1
INC-2024-1098,2025-12-04 20:13:02,154.104.213.245,10.0.10.169,Malware,Low,HTTPS,22,China,483.02,1
INC-2024-1099,2025-12-14 10:13:02,179.82.41.134,10.0.8.71,SQL Injection,High,UDP,80,India,344.68,1
INC-2024-1100,2025-12-24 21:13:02,2.243.1.250,10.0.7.177,DDoS,High,SSH,3306,Russia,318.55,1
INC-2024-1101,2025-12-26 02:13:02,34.79.79.72,10.0.2.58,Malware,High,HTTPS,80,Canada,477.95,1
INC-2024-1102,2025-12-21 11:13:02,114.184.28.32,10.0.9.113,Brute Force,High,SSH,22,India,203.41,1
INC-2024-1103,2025-12-09 12:13:02,38.5.144.14,10.0.4.140,SQL Injection,Medium,UDP,22,Russia,132.39,1
INC-2024-1104,2025-12-16 20:13:02,78.225.151.250,10.0.3.221,Malware,Critical,SSH,80,USA,460.65,1
INC-2024-1105,2025-12-17 06:13:02,116.230.45.30,10.0.5.54,Phishing,High,HTTP,53,UK,427.32,1
INC-2024-1106,2025-12-14 08:13:02,53.179.123.143,10.0.1.237,Man-in-the-Middle,Low,SSH,22,USA,175.84,1
INC-2024-1107,2025-12-16 20:13:02,65.248.199.132,10.0.3.135,Phishing,High,HTTPS,21,UK,109.9,1
INC-2024-1108,2025-12-16 14:13:02,192.209.121.116,10.0.6.35,Phishing,Critical,UDP,80,India,42.74,1
INC-2024-1109,2025-12-07 09:13:02,194.168.213.214,10.0.5.231,SQL Injection,High,HTTPS,80,India,400.66,1
INC-2024-1110,2025-12-27 20:13:02,57.92.125.219,10.0.10.156,Brute Force,Low,HTTPS,22,Russia,363.25,0
INC-2024-1111,2025-12-11 21:13:02,164.254.142.37,10.0.4.187,Brute Force,Critical,TCP,22,Germany,454.88,1
INC-2024-1112,2025-12-22 02:13:02,121.94.159.121,10.0.8.104,Phishing,Critical,UDP,53,China,110.78,1
INC-2024-1113,2025-12-22 03:13:02,223.62.37.231,10.0.4.206,SQL Injection,High,TCP,22,Germany,149.58,0
INC-2024-1114,2025-12-17 06:13:02,165.5.207.52,10.0.7.38,DDoS,Low,FTP,53,Brazil,265.26,1
INC-2024-1115,2025-12-25 06:13:02,107.241.141.125,10.0.9.202,Man-in-the-Middle,Medium,SSH,53,Russia,322.55,1
INC-2024-1116,2025-12-16 11:13:02,187.150.87.241,10.0.1.27,Brute Force,Critical,HTTPS,443,Russia,495.82,1
INC-2024-1117,2025-12-21 04:13:02,80.69.21.217,10.0.2.41,DDoS,Medium,HTTP,443,Brazil,20.88,1
INC-2024-1118,2025-12-02 21:13:02,235.118.227.211,10.0.7.226,SQL Injection,Critical,TCP,443,UK,94.24,1
INC-2024-1119,2025-12-24 16:13:02,130.108.67.185,10.0.6.127,Malware,Medium,TCP,21,USA,67.78,1
INC-2024-1120,2025-12-21 02:13:02,137.201.236.195,10.0.1.14,SQL Injection,Critical,HTTPS,443,India,493.42,1
INC-2024-1121,2025-12-24 02:13:02,151.29.50.84,10.0.5.170,Malware,Medium,FTP,443,Russia,457.23,1
INC-2024-1122,2025-12-23 16:13:02,4.87.95.234,10.0.4.194,Man-in-the-Middle,Low,FTP,80,Brazil,252.64,1
INC-2024-1123,2025-12-13 14:13:02,72.236.182.3,10.0.4.39,DDoS,Low,HTTPS,21,India,2.59,1
INC-2024-1124,2025-12-11 12:13:02,129.119.52.18,10.0.2.195,Phishing,Low,SSH,443,India,260.76,1
INC-2024-1125,2025-12-14 07:13:02,27.30.224.143,10.0.1.105,Phishing,Medium,UDP,80,China,484.04,1
INC-2024-1126,2025-12-19 03:13:02,180.192.41.25,10.0.6.75,Brute Force,High,FTP,21,UK,170.94,1
INC-2024-1127,2025-12-12 09:13:02,77.207.176.150,10.0.5.229,Brute Force,Medium,SSH,21,Canada,2.56,1
INC-2024-1128,2025-12-18 14:13:02,172.194.57.15,10.0.7.51,SQL Injection,Low,FTP,53,China,302.06,1
INC-2024-1129,2025-12-15 00:13:02,226.156.26.101,10.0.9.62,DDoS,Low,FTP,3306,USA,307.56,1
INC-2024-1130,2025-12-13 01:13:02,246.238.204.80,10.0.5.156,SQL Injection,Medium,HTTP,22,USA,347.33,1
INC-2024-1131,2025-12-19 00:13:02,72.127.230.252,10.0.9.149,Brute Force,Critical,UDP,22,UK,107.12,1
INC-2024-1132,2025-12-07 11:13:02,63.176.54.109,10.0.7.29,SQL Injection,Medium,UDP,22,UK,93.24,1
INC-2024-1133,2025-12-28 14:13:02,118.222.198.221,10.0.2.83,Malware,Low,HTTPS,22,Canada,415.45,0
INC-2024-1134,2025-12-09 04:13:02,4.153.67.54,10.0.4.98,DDoS,Low,TCP,21,Brazil,147.51,0
INC-2024-1135,2025-12-22 00:13:02,187.160.138.173,10.0.8.136,DDoS,Low,SSH,3306,Germany,275.26,1
INC-2024-1136,2025-11-30 02:13:02,125.29.30.55,10.0.1.120,Phishing,Low,HTTPS,22,India,164.15,1
INC-2024-1137,2025-12-18 22:13:02,83.56.205.75,10.0.10.121,SQL Injection,Medium,HTTPS,53,Russia,344.39,1
INC-2024-1138,2025-12-16 20:13:02,8.142.210.150,10.0.4.11,DDoS,Critical,SSH,3306,Russia,295.63,0
INC-2024-1139,2025-12-02 03:13:02,246.68.6.219,10.0.3.121,SQL Injection,Critical,SSH,21,Germany,118.17,1
INC-2024-1140,2025-12-17 13:13:02,43.39.215.226,10.0.7.252,Man-in-the-Middle,Low,UDP,80,Russia,480.21,1
INC-2024-1141,2025-12-15 00:13:02,54.218.100.97,10.0.2.70,SQL Injection,Medium,FTP,443,Canada,418.32,1
INC-2024-1142,2025-12-16 03:13:02,120.219.248.232,10.0.3.220,Phishing,Low,UDP,21,USA,331.57,0
INC-2024-1143,2025-12-10 22:13:02,135.38.245.152,10.0.1.226,SQL Injection,High,SSH,22,UK,119.7,0
INC-2024-1144,2025-12-14 11:13:02,192.218.203.181,10.0.10.91,Brute Force,High,SSH,53,China,189.42,1
INC-2024-1145,2025-12-02 17:13:02,100.3.102.106,10.0.8.149,DDoS,Critical,HTTP,80,Russia,265.31,1
INC-2024-1146,2025-12-24 16:13:02,18.60.80.216,10.0.10.147,Phishing,Low,SSH,22,Brazil,148.95,1
INC-2024-1147,2025-12-05 06:13:02,77.71.174.22,10.0.2.180,Phishing,Medium,HTTPS,53,USA,290.11,1
INC-2024-1148,2025-12-10 10:13:02,39.129.239.38,10.0.6.116,DDoS,Medium,HTTP,443,India,448.97,1
INC-2024-1149,2025-12-01 09:13:02,115.178.202.49,10.0.5.10,Man-in-the-Middle,High,TCP,80,Canada,469.95,1
INC-2024-1150,2025-12-28 11:13:02,165.122.148.163,10.0.5.225,SQL Injection,Medium,FTP,53,USA,451.03,1
INC-2024-1151,2025-12-15 21:13:02,84.45.222.178,10.0.8.17,Malware,Medium,HTTP,53,India,63.32,1
INC-2024-1152,2025-12-24 10:13:02,155.118.253.13,10.0.3.27,DDoS,Medium,TCP,22,India,66.54,1
INC-2024-1153,2025-12-28 19:13:02,108.172.115.134,10.0.4.15,Brute Force,High,HTTP,443,Brazil,498.94,1
INC-2024-1154,2025-12-18 20:13:02,90.73.213.71,10.0.6.243,Phishing,High,TCP,22,Germany,19.93,1
INC-2024-1155,2025-12-04 15:13:02,90.43.48.18,10.0.6.212,Brute Force,Critical,UDP,443,China,251.07,1
INC-2024-1156,2025-12-21 21:13:02,245.198.69.52,10.0.4.68,SQL Injection,Critical,SSH,21,Brazil,262.64,1
INC-2024-1157,2025-12-18 18:13:02,132.254.140.80,10.0.2.199,Brute Force,Low,TCP,21,Russia,215.57,1
INC-2024-1158,2025-12-09 20:13:02,245.52.25.111,10.0.10.114,SQL Injection,Critical,HTTPS,53,India,279.89,1
INC-2024-1159,2025-12-10 23:13:02,184.116.206.100,10.0.3.50,Brute Force,High,TCP,21,Germany,184.02,1
INC-2024-1160,2025-12-15 11:13:02,217.197.6.217,10.0.5.220,Brute Force,High,FTP,80,China,308.56,1
INC-2024-1161,2025-12-09 11:13:02,249.176.84.246,10.0.4.38,Malware,Medium,TCP,22,UK,105.17,1
INC-2024-1162,2025-12-01 11:13:02,185.36.102.165,10.0.5.248,DDoS,Critical,HTTPS,21,India,111.99,1
INC-2024-1163,2025-12-12 01:13:02,50.202.78.140,10.0.8.130,SQL Injection,Medium,HTTP,80,UK,156.87,1
INC-2024-1164,2025-12-19 21:13:02,227.78.50.104,10.0.5.63,Malware,High,TCP,80,UK,404.89,0
INC-2024-1165,2025-12-16 16:13:02,241.10.133.135,10.0.7.228,Brute Force,Critical,TCP,53,China,52.13,0
INC-2024-1166,2025-12-24 03:13:02,233.171.71.33,10.0.5.204,Man-in-the-Middle,High,TCP,443,UK,194.68,1
INC-2024-1167,2025-12-17 11:13:02,231.52.44.40,10.0.2.14,DDoS,Critical,FTP,53,USA,196.01,1
INC-2024-1168,2025-12-14 17:13:02,187.183.15.57,10.0.3.8,Man-in-the-Middle,Low,TCP,443,Canada,468.1,1
INC-2024-1169,2025-12-29 16:13:02,138.244.95.204,10.0.2.203,Malware,Low,FTP,53,China,408.89,0
INC-2024-1170,2025-12-25 06:13:02,224.140.221.116,10.0.9.103,SQL Injection,Low,HTTP,53,China,164.55,1
INC-2024-1171,2025-12-11 00:13:02,51.3.204.58,10.0.9.15,Phishing,High,SSH,3306,China,315.85,1
INC-2024-1172,2025-12-06 21:13:02,44.220.158.186,10.0.3.69,Man-in-the-Middle,Low,TCP,21,UK,486.92,1
INC-2024-1173,2025-11-29 17:13:02,203.186.116.146,10.0.9.28,Man-in-the-Middle,High,HTTPS,3306,Germany,83.14,1
INC-2024-1174,2025-12-17 15:13:02,168.215.106.46,10.0.6.109,Man-in-the-Middle,High,UDP,53,China,74.95,0
INC-2024-1175,2025-12-04 06:13:02,107.5.232.157,10.0.10.176,Malware,Critical,UDP,80,Brazil,292.29,1
INC-2024-1176,2025-12-28 03:13:02,236.6.198.3,10.0.5.216,Man-in-the-Middle,High,FTP,21,Brazil,112.79,1
INC-2024-1177,2025-12-24 01:13:02,27.62.207.165,10.0.9.241,Man-in-the-Middle,High,UDP,21,UK,206.18,1
INC-2024-1178,2025-12-05 08:13:02,229.181.243.162,10.0.6.19,Man-in-the-Middle,Critical,UDP,53,USA,408.11,1
INC-2024-1179,2025-12-25 22:13:02,36.15.11.40,10.0.5.244,Malware,High,UDP,21,USA,70.53,1
INC-2024-1180,2025-12-18 00:13:02,164.10.25.46,10.0.3.114,Brute Force,Critical,SSH,443,Russia,245.55,1
INC-2024-1181,2025-11-30 08:13:02,231.40.45.12,10.0.8.145,Phishing,Medium,UDP,21,USA,446.79,1
INC-2024-1182,2025-12-17 10:13:02,209.160.135.172,10.0.2.166,Brute Force,Low,TCP,443,China,481.36,1
INC-2024-1183,2025-12-04 09:13:02,145.150.50.28,10.0.6.147,DDoS,Critical,HTTPS,3306,India,481.36,0
INC-2024-1184,2025-12-06 06:13:02,86.184.186.173,10.0.1.4,Man-in-the-Middle,Medium,FTP,53,India,99.13,0
INC-2024-1185,2025-12-29 10:13:02,221.94.191.85,10.0.1.92,SQL Injection,High,TCP,53,India,144.15,1
INC-2024-1186,2025-12-19 23:13:02,42.35.64.28,10.0.2.79,Phishing,High,TCP,53,Canada,288.78,1
INC-2024-1187,2025-12-08 00:13:02,33.89.76.44,10.0.7.43,DDoS,Medium,TCP,22,China,169.02,1
INC-2024-1188,2025-12-28 10:13:02,146.70.163.237,10.0.2.102,Brute Force,Low,HTTPS,443,Germany,329.47,1
INC-2024-1189,2025-12-16 14:13:02,126.45.180.229,10.0.3.75,SQL Injection,Medium,HTTPS,21,USA,307.24,1
INC-2024-1190,2025-12-19 15:13:02,130.254.141.142,10.0.7.53,Brute Force,Low,SSH,22,UK,456.52,1
INC-2024-1191,2025-12-06 11:13:02,96.230.245.110,10.0.8.159,DDoS,Critical,HTTPS,21,Germany,215.15,0
INC-2024-1192,2025-12-15 10:13:02,27.170.229.150,10.0.6.14,SQL Injection,Medium,HTTPS,3306,USA,141.95,1
INC-2024-1193,2025-12-18 03:13:02,17.29.145.89,10.0.7.48,Malware,High,FTP,443,USA,355.77,1
INC-2024-1194,2025-12-05 14:13:02,226.29.188.20,10.0.8.15,Man-in-the-Middle,Critical,HTTPS,80,Germany,120.53,1
INC-2024-1195,2025-12-25 02:13:02,45.149.195.3,10.0.1.106,DDoS,Medium,TCP,21,India,475.8,1
INC-2024-1196,2025-12-21 21:13:02,253.220.252.161,10.0.2.190,Brute Force,Low,HTTP,53,Germany,263.24,0
INC-2024-1197,2025-12-17 00:13:02,53.4.196.67,10.0.7.228,Phishing,High,SSH,21,Germany,307.86,1
INC-2024-1198,2025-12-03 22:13:02,252.6.90.116,10.0.9.119,Phishing,Medium,TCP,80,Germany,41.41,1
INC-2024-1199,2025-12-17 03:13:02,57.188.145.140,10.0.2.235,Brute Force,Medium,HTTP,443,India,1.15,1
INC-2024-1200,2025-12-26 15:13:02,4.80.52.15,10.0.2.138,Malware,Critical,TCP,80,India,350.89,1
INC-2024-1201,2025-12-24 20:13:02,17.198.126.218,10.0.10.170,SQL Injection,High,FTP,3306,India,167.98,0
INC-2024-1202,2025-12-28 11:13:02,188.170.171.204,10.0.1.225,DDoS,Critical,TCP,21,UK,381.48,1
INC-2024-1203,2025-12-16 08:13:02,5.77.121.95,10.0.5.220,DDoS,High,FTP,21,Canada,160.86,1
INC-2024-1204,2025-12-26 23:13:02,200.90.28.199,10.0.8.100,Brute Force,Critical,UDP,3306,USA,348.85,1
INC-2024-1205,2025-12-16 12:13:02,225.78.200.74,10.0.8.240,Malware,Medium,SSH,3306,China,490.61,1
INC-2024-1206,2025-12-06 04:13:02,187.95.55.72,10.0.7.15,Man-in-the-Middle,High,HTTP,80,Brazil,190.57,0
INC-2024-1207,2025-12-26 16:13:02,117.200.177.48,10.0.10.150,Brute Force,Medium,HTTP,3306,Germany,180.61,1
INC-2024-1208,2025-12-27 20:13:02,87.174.69.14,10.0.6.52,DDoS,Low,UDP,22,Germany,210.08,1
INC-2024-1209,2025-12-19 09:13:02,184.64.114.234,10.0.6.237,Man-in-the-Middle,Critical,TCP,22,USA,169.58,1
INC-2024-1210,2025-12-08 20:13:02,150.180.154.51,10.0.5.233,SQL Injection,Low,UDP,22,Brazil,336.48,1
INC-2024-1211,2025-12-20 12:13:02,144.110.44.172,10.0.7.112,Man-in-the-Middle,Low,HTTP,443,Brazil,435.55,0
INC-2024-1212,2025-12-27 02:13:02,50.89.215.207,10.0.5.173,Malware,Low,HTTPS,80,Russia,483.6,1
INC-2024-1213,2025-12-22 09:13:02,15.35.96.138,10.0.8.4,SQL Injection,Medium,TCP,80,Germany,25.09,0
INC-2024-1214,2025-12-22 15:13:02,173.213.133.91,10.0.4.6,DDoS,Low,TCP,443,Germany,196.06,1
INC-2024-1215,2025-11-30 23:13:02,255.24.191.18,10.0.7.208,Malware,High,TCP,443,UK,161.31,1
INC-2024-1216,2025-12-08 15:13:02,116.197.76.108,10.0.8.8,Brute Force,Critical,HTTP,21,China,1.18,1
INC-2024-1217,2025-12-24 03:13:02,183.189.175.217,10.0.8.196,Brute Force,High,HTTP,3306,Canada,454.43,0
INC-2024-1218,2025-12-15 09:13:02,168.106.43.204,10.0.10.218,Man-in-the-Middle,High,SSH,53,USA,23.04,0
INC-2024-1219,2025-12-18 18:13:02,140.137.56.23,10.0.10.16,Man-in-the-Middle,High,SSH,80,Canada,480.04,1
INC-2024-1220,2025-12-25 22:13:02,199.123.31.2,10.0.9.158,DDoS,Low,HTTP,22,Brazil,443.68,1
INC-2024-1221,2025-12-05 10:13:02,247.106.95.204,10.0.7.250,Malware,Low,HTTPS,3306,Germany,54.56,1
INC-2024-1222,2025-12-22 16:13:02,228.149.40.8,10.0.1.226,Man-in-the-Middle,Low,HTTP,22,USA,184.92,1
INC-2024-1223,2025-12-06 04:13:02,219.1.191.250,10.0.3.89,SQL Injection,Critical,TCP,53,Russia,430.87,1
INC-2024-1224,2025-12-25 00:13:02,81.112.92.80,10.0.7.55,SQL Injection,Medium,SSH,80,Canada,256.72,1
INC-2024-1225,2025-12-23 00:13:02,55.62.223.252,10.0.3.62,Brute Force,Low,HTTP,3306,Brazil,238.1,0
INC-2024-1226,2025-12-25 06:13:02,189.184.21.85,10.0.8.158,Brute Force,Critical,SSH,53,Brazil,274.29,1
INC-2024-1227,2025-12-17 10:13:02,105.231.224.53,10.0.6.197,Phishing,High,TCP,80,USA,39.66,1
INC-2024-1228,2025-12-24 08:13:02,240.197.117.155,10.0.10.215,Phishing,Medium,UDP,22,Germany,241.88,0
INC-2024-1229,2025-11-30 12:13:02,162.234.15.36,10.0.5.82,Phishing,High,FTP,22,China,180.09,0
INC-2024-1230,2025-12-14 21:13:02,135.178.20.63,10.0.2.114,Malware,Medium,UDP,21,Germany,379.05,1
INC-2024-1231,2025-12-03 22:13:02,117.35.88.57,10.0.10.178,DDoS,High,HTTP,21,India,308.13,1
INC-2024-1232,2025-12-12 07:13:02,52.14.216.130,10.0.4.68,Man-in-the-Middle,High,TCP,53,India,70.42,0
INC-2024-1233,2025-12-07 23:13:02,22.26.101.88,10.0.4.145,Man-in-the-Middle,Low,UDP,53,China,91.93,1
INC-2024-1234,2025-12-29 06:13:02,80.177.61.158,10.0.7.90,Brute Force,Low,UDP,21,Russia,290.75,1
INC-2024-1235,2025-12-27 09:13:02,39.155.139.62,10.0.7.141,Phishing,Low,FTP,80,Brazil,122.55,1
INC-2024-1236,2025-12-07 15:13:02,97.51.67.184,10.0.6.237,DDoS,High,SSH,21,Brazil,436.3,1
INC-2024-1237,2025-12-12 11:13:02,175.153.64.107,10.0.2.163,Malware,High,HTTP,3306,India,0.14,1
INC-2024-1238,2025-12-22 21:13:02,106.85.126.61,10.0.7.49,Man-in-the-Middle,High,UDP,22,Brazil,383.35,1
INC-2024-1239,2025-12-21 06:13:02,87.16.97.32,10.0.9.211,Malware,Medium,FTP,21,USA,230.18,1
INC-2024-1240,2025-12-04 00:13:02,87.198.169.187,10.0.6.242,Malware,High,HTTP,3306,China,465.49,0
INC-2024-1241,2025-12-02 19:13:02,192.199.196.177,10.0.1.188,SQL Injection,Critical,SSH,21,Russia,340.49,1
INC-2024-1242,2025-12-26 12:13:02,250.19.112.49,10.0.9.32,Malware,High,UDP,21,UK,311.48,1
INC-2024-1243,2025-12-05 22:13:02,254.116.56.120,10.0.3.124,Man-in-the-Middle,Medium,SSH,53,Russia,450.0,1
INC-2024-1244,2025-12-01 23:13:02,128.46.104.188,10.0.7.87,Brute Force,Critical,HTTP,80,USA,431.99,1
INC-2024-1245,2025-11-29 17:13:02,204.143.196.99,10.0.2.203,DDoS,Critical,UDP,21,Canada,234.12,1
INC-2024-1246,2025-12-27 10:13:02,146.204.159.123,10.0.1.20,SQL Injection,Critical,FTP,21,China,12.78,1
INC-2024-1247,2025-12-21 04:13:02,113.70.78.138,10.0.2.63,SQL Injection,Critical,HTTP,22,UK,212.53,1
INC-2024-1248,2025-12-15 23:13:02,159.64.120.83,10.0.1.81,Man-in-the-Middle,Critical,HTTPS,22,UK,368.56,1
INC-2024-1249,2025-12-26 15:13:02,132.179.228.168,10.0.8.80,Brute Force,Low,FTP,3306,Russia,61.91,1
INC-2024-1250,2025-12-03 05:13:02,249.186.52.17,10.0.9.16,DDoS,Low,FTP,53,China,422.1,1
INC-2024-1251,2025-12-08 09:13:02,207.54.204.203,10.0.5.50,SQL Injection,High,HTTPS,80,USA,182.49,1
INC-2024-1252,2025-12-22 20:13:02,115.166.204.16,10.0.4.118,Man-in-the-Middle,Medium,UDP,53,USA,30.06,0
INC-2024-1253,2025-12-21 18:13:02,92.76.202.193,10.0.4.91,SQL Injection,Critical,HTTP,80,India,211.84,1
INC-2024-1254,2025-12-25 20:13:02,45.32.148.206,10.0.8.70,DDoS,Low,HTTP,22,Brazil,304.36,1
INC-2024-1255,2025-12-29 15:13:02,72.142.73.19,10.0.7.55,Brute Force,Medium,HTTP,80,Russia,24.67,1
INC-2024-1256,2025-12-24 17:13:02,91.238.252.36,10.0.8.219,SQL Injection,Critical,SSH,443,Germany,201.67,1
INC-2024-1257,2025-12-17 12:13:02,225.64.87.165,10.0.3.89,Brute Force,Critical,HTTPS,3306,Russia,16.19,1
INC-2024-1258,2025-12-23 03:13:02,248.36.145.80,10.0.6.202,DDoS,High,FTP,443,Canada,426.07,1
INC-2024-1259,2025-12-30 11:13:02,75.142.11.104,10.0.7.50,Phishing,Low,UDP,22,Canada,9.4,1
INC-2024-1260,2025-12-15 08:13:02,52.168.159.204,10.0.4.35,Malware,Critical,FTP,3306,USA,60.06,1
INC-2024-1261,2025-12-10 12:13:02,10.92.178.213,10.0.4.245,Brute Force,Low,FTP,80,China,192.1,1
INC-2024-1262,2025-12-19 08:13:02,13.224.27.120,10.0.9.6,Man-in-the-Middle,High,HTTP,80,Russia,371.83,1
INC-2024-1263,2025-12-07 02:13:02,255.113.241.175,10.0.5.192,Brute Force,High,SSH,21,USA,45.49,1
INC-2024-1264,2025-12-07 18:13:02,164.113.53.71,10.0.5.220,Brute Force,High,TCP,53,UK,264.63,1
INC-2024-1265,2025-12-29 19:13:02,121.80.174.183,10.0.3.44,Phishing,High,UDP,22,India,256.9,0
INC-2024-1266,2025-11-30 12:13:02,82.137.83.208,10.0.4.218,Phishing,Critical,FTP,443,Brazil,288.37,1
INC-2024-1267,2025-12-23 17:13:02,236.49.201.121,10.0.10.195,Malware,Critical,SSH,3306,Russia,409.48,1
INC-2024-1268,2025-12-14 13:13:02,37.60.228.143,10.0.2.98,DDoS,Critical,HTTPS,53,China,319.8,1
INC-2024-1269,2025-12-21 19:13:02,179.177.21.190,10.0.9.22,Man-in-the-Middle,Low,FTP,443,USA,145.45,1
INC-2024-1270,2025-12-18 06:13:02,32.165.3.15,10.0.9.226,DDoS,Critical,SSH,443,India,79.43,1
INC-2024-1271,2025-12-22 03:13:02,225.143.137.26,10.0.7.212,SQL Injection,Low,TCP,21,Brazil,392.04,0
INC-2024-1272,2025-12-14 05:13:02,16.150.132.196,10.0.5.12,SQL Injection,Critical,TCP,3306,Germany,465.38,1
INC-2024-1273,2025-12-05 04:13:02,3.192.165.83,10.0.2.197,SQL Injection,High,TCP,53,Brazil,149.2,0
INC-2024-1274,2025-12-14 20:13:02,191.161.186.85,10.0.3.196,DDoS,Medium,FTP,53,Brazil,88.14,0
INC-2024-1275,2025-12-30 02:13:02,94.229.18.40,10.0.8.221,Brute Force,Low,HTTPS,21,India,199.5,1
INC-2024-1276,2025-12-11 21:13:02,231.91.152.217,10.0.7.168,Malware,Medium,SSH,53,Canada,327.36,1
INC-2024-1277,2025-12-02 14:13:02,127.11.240.141,10.0.4.39,DDoS,Medium,SSH,21,Russia,321.03,1
INC-2024-1278,2025-12-15 00:13:02,161.137.56.218,10.0.7.189,DDoS,High,TCP,3306,Brazil,18.37,1
INC-2024-1279,2025-11-30 19:13:02,172.94.239.10,10.0.6.190,Man-in-the-Middle,Medium,FTP,53,India,283.29,1
INC-2024-1280,2025-12-23 22:13:02,205.71.15.153,10.0.4.45,Phishing,Low,TCP,443,UK,379.08,0
INC-2024-1281,2025-12-05 16:13:02,188.218.170.40,10.0.4.126,Man-in-the-Middle,Critical,SSH,21,Russia,497.9,1
INC-2024-1282,2025-12-08 06:13:02,149.182.162.144,10.0.5.178,Brute Force,High,HTTP,53,USA,103.97,1
INC-2024-1283,2025-11-29 17:13:02,81.82.205.155,10.0.7.157,SQL Injection,High,FTP,3306,UK,110.29,1
INC-2024-1284,2025-12-29 17:13:02,123.189.58.82,10.0.9.168,DDoS,Low,SSH,80,UK,250.09,1
INC-2024-1285,2025-12-04 14:13:02,97.172.8.17,10.0.3.214,Brute Force,Low,SSH,53,China,132.49,1
INC-2024-1286,2025-12-25 00:13:02,193.107.36.116,10.0.8.123,Brute Force,Critical,HTTP,3306,USA,331.31,1
INC-2024-1287,2025-12-18 09:13:02,101.146.208.254,10.0.8.16,Phishing,Medium,HTTP,21,Russia,406.1,1
INC-2024-1288,2025-12-05 01:13:02,172.171.90.226,10.0.10.60,SQL Injection,Low,UDP,22,USA,489.7,0
INC-2024-1289,2025-12-11 04:13:02,90.7.220.90,10.0.5.46,Man-in-the-Middle,Critical,HTTPS,53,Germany,417.67,0
INC-2024-1290,2025-12-09 05:13:02,241.197.50.140,10.0.7.191,Malware,Medium,SSH,22,Russia,368.69,1
INC-2024-1291,2025-12-01 01:13:02,248.240.229.229,10.0.1.183,Malware,Critical,FTP,3306,Russia,9.15,1
INC-2024-1292,2025-12-05 02:13:02,173.107.23.6,10.0.2.21,Malware,Medium,HTTP,3306,Russia,47.28,1
INC-2024-1293,2025-12-05 23:13:02,251.188.133.118,10.0.6.109,Brute Force,High,FTP,3306,UK,187.16,0
INC-2024-1294,2025-12-03 12:13:02,189.89.209.155,10.0.10.242,Brute Force,Medium,TCP,21,Russia,203.03,1
INC-2024-1295,2025-12-17 20:13:02,109.148.122.32,10.0.5.149,DDoS,Medium,HTTPS,53,China,375.16,1
INC-2024-1296,2025-12-22 18:13:02,93.89.141.148,10.0.5.240,SQL Injection,Critical,SSH,21,USA,139.47,1
INC-2024-1297,2025-11-30 07:13:02,64.111.33.103,10.0.3.44,Man-in-the-Middle,High,UDP,53,Brazil,465.84,1
INC-2024-1298,2025-12-24 16:13:02,227.78.253.61,10.0.5.53,Man-in-the-Middle,Critical,FTP,3306,Brazil,455.96,1
INC-2024-1299,2025-12-09 11:13:02,86.180.67.147,10.0.8.86,Malware,Critical,FTP,80,Germany,30.01,1
INC-2024-1300,2025-11-29 20:13:02,169.63.48.29,10.0.2.110,Man-in-the-Middle,Low,HTTPS,80,Germany,350.45,1
INC-2024-1301,2025-12-30 09:13:02,37.118.137.191,10.0.7.181,SQL Injection,Low,HTTPS,53,Canada,120.41,1
INC-2024-1302,2025-12-11 04:13:02,158.23.232.138,10.0.5.157,Man-in-the-Middle,Critical,UDP,443,USA,433.61,1
INC-2024-1303,2025-12-23 18:13:02,61.32.49.46,10.0.7.192,Malware,Critical,HTTPS,22,Russia,470.93,1
INC-2024-1304,2025-12-04 17:13:02,34.10.80.45,10.0.2.224,Phishing,Low,UDP,53,UK,246.17,1
INC-2024-1305,2025-12-10 11:13:02,148.44.66.136,10.0.8.172,DDoS,High,UDP,53,Russia,420.74,0
INC-2024-1306,2025-12-09 07:13:02,50.56.13.165,10.0.9.117,Brute Force,Medium,HTTP,443,Russia,128.27,1
INC-2024-1307,2025-12-21 18:13:02,63.94.112.85,10.0.6.25,Malware,Critical,UDP,53,Canada,353.3,0
INC-2024-1308,2025-12-13 14:13:02,242.85.229.223,10.0.3.229,Brute Force,High,SSH,22,USA,404.17,1
INC-2024-1309,2025-12-11 15:13:02,150.112.242.92,10.0.10.95,SQL Injection,Low,HTTP,443,Canada,279.03,1
INC-2024-1310,2025-12-11 08:13:02,81.17.142.88,10.0.3.233,Man-in-the-Middle,Medium,SSH,21,Russia,148.52,1
INC-2024-1311,2025-12-09 06:13:02,27.115.42.75,10.0.9.33,DDoS,Low,HTTP,21,UK,230.65,1
INC-2024-1312,2025-12-26 01:13:02,213.121.203.254,10.0.8.16,Brute Force,Medium,HTTP,80,China,290.36,1
INC-2024-1313,2025-12-17 15:13:02,64.233.228.123,10.0.8.61,Man-in-the-Middle,Critical,HTTP,22,Germany,126.79,1
INC-2024-1314,2025-12-19 23:13:02,238.147.86.157,10.0.2.107,Man-in-the-Middle,High,HTTPS,21,Brazil,133.88,1
INC-2024-1315,2025-12-03 22:13:02,61.148.64.61,10.0.4.167,Malware,High,SSH,22,Germany,225.59,1
INC-2024-1316,2025-12-16 06:13:02,212.244.112.149,10.0.5.158,SQL Injection,Critical,UDP,53,UK,271.94,1
INC-2024-1317,2025-12-02 09:13:02,123.160.102.156,10.0.9.170,Phishing,High,UDP,21,USA,409.48,1
INC-2024-1318,2025-12-17 23:13:02,135.239.147.14,10.0.4.127,DDoS,Medium,UDP,53,Canada,188.43,0
INC-2024-1319,2025-12-13 05:13:02,199.54.15.223,10.0.6.57,Phishing,Low,FTP,80,Brazil,78.18,1
INC-2024-1320,2025-12-17 06:13:02,48.53.255.211,10.0.9.235,Brute Force,Critical,HTTPS,80,Brazil,357.86,1
INC-2024-1321,2025-12-25 09:13:02,177.214.152.1,10.0.2.173,DDoS,Critical,HTTPS,53,Canada,128.11,1
INC-2024-1322,2025-12-13 23:13:02,30.142.25.131,10.0.2.118,SQL Injection,Low,HTTPS,3306,Russia,91.77,1
INC-2024-1323,2025-12-12 06:13:02,114.125.20.203,10.0.7.240,SQL Injection,High,SSH,21,India,372.45,1
INC-2024-1324,2025-12-17 00:13:02,146.200.48.23,10.0.5.30,Phishing,High,HTTP,3306,UK,355.56,1
INC-2024-1325,2025-12-22 10:13:02,148.82.221.138,10.0.9.46,SQL Injection,Medium,HTTPS,3306,Russia,475.59,1
INC-2024-1326,2025-12-28 13:13:02,129.28.199.91,10.0.3.14,DDoS,High,UDP,443,China,414.14,1
INC-2024-1327,2025-12-02 21:13:02,18.124.32.119,10.0.10.32,DDoS,Critical,HTTP,22,Russia,77.61,0
INC-2024-1328,2025-12-03 04:13:02,217.214.59.161,10.0.9.182,Man-in-the-Middle,Critical,TCP,53,UK,443.4,1
INC-2024-1329,2025-12-23 03:13:02,117.166.115.177,10.0.10.77,SQL Injection,High,SSH,80,China,74.19,1
INC-2024-1330,2025-12-24 06:13:02,144.218.132.24,10.0.9.41,SQL Injection,Low,HTTP,53,Canada,122.42,1
INC-2024-1331,2025-12-20 14:13:02,252.70.54.75,10.0.3.148,Malware,Critical,UDP,443,China,414.15,0
INC-2024-1332,2025-12-01 03:13:02,124.202.75.229,10.0.10.138,DDoS,Low,SSH,80,Russia,168.61,1
INC-2024-1333,2025-12-08 00:13:02,189.30.9.165,10.0.2.66,Man-in-the-Middle,Medium,HTTPS,21,USA,63.99,1
INC-2024-1334,2025-12-20 06:13:02,97.150.28.132,10.0.7.235,Man-in-the-Middle,Low,UDP,3306,Russia,489.87,1
INC-2024-1335,2025-12-23 02:13:02,58.195.172.112,10.0.2.77,Brute Force,Medium,FTP,443,China,101.73,0
INC-2024-1336,2025-11-30 14:13:02,97.135.125.12,10.0.8.53,Man-in-the-Middle,Low,FTP,3306,Russia,356.05,1
INC-2024-1337,2025-12-04 06:13:02,143.139.238.165,10.0.10.15,DDoS,Medium,HTTPS,21,USA,91.95,1
INC-2024-1338,2025-12-14 03:13:02,180.65.232.78,10.0.9.166,Malware,High,SSH,22,India,315.79,1
INC-2024-1339,2025-12-14 05:13:02,99.133.193.36,10.0.5.162,Man-in-the-Middle,Critical,HTTP,22,Brazil,221.78,1
INC-2024-1340,2025-12-08 00:13:02,223.52.194.175,10.0.5.182,Malware,High,UDP,53,China,394.94,1
INC-2024-1341,2025-12-12 01:13:02,57.118.18.84,10.0.3.80,SQL Injection,Critical,HTTPS,80,Germany,479.65,1
INC-2024-1342,2025-12-10 04:13:02,124.41.209.61,10.0.8.68,SQL Injection,Critical,TCP,443,Russia,216.38,1
INC-2024-1343,2025-12-16 19:13:02,141.224.19.126,10.0.6.235,Phishing,High,HTTPS,21,Brazil,146.85,0
INC-2024-1344,2025-12-05 15:13:02,188.183.175.252,10.0.2.60,Phishing,Critical,UDP,80,Germany,350.56,1
INC-2024-1345,2025-12-06 10:13:02,201.20.240.100,10.0.6.193,Brute Force,Medium,SSH,22,China,197.84,1
INC-2024-1346,2025-12-17 01:13:02,177.166.149.52,10.0.1.170,Man-in-the-Middle,High,TCP,443,Germany,446.78,1
INC-2024-1347,2025-12-02 12:13:02,157.75.68.165,10.0.5.147,DDoS,Critical,SSH,80,Canada,219.56,1
INC-2024-1348,2025-12-07 12:13:02,147.41.142.189,10.0.2.34,Brute Force,Critical,SSH,443,USA,182.58,1
INC-2024-1349,2025-12-05 00:13:02,12.236.126.210,10.0.10.91,SQL Injection,Critical,SSH,53,China,9.48,1
